CGPA,Backlogs,Programming_Score,Certifications,Internships,Soft_Skills,Projects,Resume_Score,GitHub_Activity,LinkedIn_Score,Work_Experience,Placed
0.953206248,-1.028991511,0.707106781,0.707106781,0.685994341,0.464990555,0.464990555,0.75298857,0.451753951,0.58658846,-0.5,1
-0.146647115,-0.171498585,0,0,-0.171498585,-0.116247639,-0.116247639,0.112147234,0,0.219970673,-0.5,1
-0.87988269,0.685994341,-0.707106781,-0.707106781,-1.028991511,-0.697485832,-0.697485832,-0.688904436,-0.677630927,-0.513264903,-0.5,0
-1.246500478,1.543487266,-1.414213562,-1.414213562,-1.028991511,-1.278724026,-1.278724026,-1.489956106,-1.355261854,-1.613118265,-0.5,0
1.319824035,-1.028991511,1.414213562,1.414213562,1.543487266,1.627466942,1.627466942,1.313724739,1.58113883,1.319824035,2,1
